CTRL000000001	control_guide1	crRNA_1	GGCGGGCCATTTGTTTCAATATA	2021-08-25T15:58:44.728524
CTRL000000002	control_guide2	crRNA_1	GCGGGCGCGTAACATTTAATATA	2021-08-25T15:58:44.728524
CTRL000000003	control_guide3	crRNA_1	GGCCCGCGATTTGTAGATATATA	2021-08-25T15:58:44.728524
CTRL000000004	control_guide4	crRNA_1	TGCCGCCCATGTTAAATAATTTC	2021-08-25T15:58:44.728524
CTRL000000005	control_guide5	crRNA_1	CGTCGCGGGAATTATATTTAAAG	2021-08-25T15:58:44.728524
CTRL000000006	control_guide6	crRNA_1	AGTCTCTCACATAGAAGTTAGAG	2021-08-25T15:58:44.728524
CTRL000000007	control_guide7	crRNA_1	AGTCCGAATCTAACGAAGAGTTC	2021-08-25T15:58:44.728524
CTRL000000008	control_guide8	crRNA_1	GATGCCTCGACATATAACATCGA	2021-08-25T15:58:44.728524
CTRL000000009	control_guide9	crRNA_1	ACGAAGTATTAGACGATAGAGCA	2021-08-25T15:58:44.728524
CTRL000000010	control_guide10	crRNA_1	ACCAACGATCTATTATAGGCAGA	2021-08-25T15:58:44.728524
CTRL000000011	control_guide11	crRNA_1	GAACACTGCCTATAATAACTAGC	2021-08-25T15:58:44.728524
CTRL000000012	control_guide12	crRNA_1	ACCAAACTTTCTTAGCAGGTAAC	2021-08-25T15:58:44.728524
CTRL000000013	control_guide13	crRNA_1	ACCACGCGTACACACAGCTCCAG	2021-08-25T15:58:44.728524
CTRL000000014	control_guide14	crRNA_1	AGTACGTTCGATCGGACATCTTG	2021-08-25T15:58:44.728524
CTRL000000015	control_guide15	crRNA_1	ACACTAACTGGAGATAACCGATA	2021-08-25T15:58:44.728524
CTRL000000016	control_guide16	crRNA_1	ACCGTCGTCAATAACACAGTATA	2021-08-25T15:58:44.728524
CTRL000000017	control_guide17	crRNA_1	ACTGTGCCAATGCACCATATCGA	2021-08-25T15:58:44.728524
CTRL000000018	control_guide18	crRNA_1	ATTACTCACGCGCCTAAGCCAAC	2021-08-25T15:58:44.728524
CTRL000000019	control_guide19	crRNA_1	ACAGATCCACTCGCCTGATGCCA	2021-08-25T15:58:44.728524
CTRL000000020	control_guide20	crRNA_1	ACTCAGTAAGCATGTCGATAACA	2021-08-25T15:58:44.728524
CTRL000000021	control_guide21	crRNA_1	ATCGGTCGGTGTACAATAATCGA	2021-08-25T15:58:44.728524
CTRL000000022	control_guide22	crRNA_1	GCAAGCCGCGTCTATATGAACAC	2021-08-25T15:58:44.728524
CTRL000000023	control_guide23	crRNA_1	GACTCACCATTCCACATACTTCA	2021-08-25T15:58:44.728524
CTRL000000024	control_guide24	crRNA_1	ACATCTTGATCCACCTAGACAGG	2021-08-25T15:58:44.728524
CTRL000000031	control_guide31	crRNA_1	GGAATCTTACCGTAGTACACCAA	2021-08-25T15:58:44.728524
CTRL000000032	control_guide32	crRNA_1	AGGCTCGATCTAGAGAATATCCA	2021-08-25T15:58:44.728524
CTRL000000033	control_guide33	crRNA_1	GGAGTGACAACTTACCGATCTAA	2021-08-25T15:58:44.728524
CTRL000000034	control_guide34	crRNA_1	CACTTACTAACTTCGACATCATA	2021-08-25T15:58:44.728524
CTRL000000035	control_guide35	crRNA_1	ACAAAGTGGTGTGATAGCATATG	2021-08-25T15:58:44.728524
CTRL000000036	control_guide36	crRNA_1	AAGACTCACTCGTTTGAGTTATC	2021-08-25T15:58:44.728524
CTRL000000037	control_guide37	crRNA_1	AAGGAACTGTGCCAATACTTAAC	2021-08-25T15:58:44.728524
CTRL000000038	control_guide38	crRNA_1	TGCATAGTCTGCTATAAACCAAG	2021-08-25T15:58:44.728524
CTRL000000039	control_guide39	crRNA_1	TTGTCATCCTCTTACATGGAAAC	2021-08-25T15:58:44.728524
CTRL000000040	control_guide40	crRNA_1	GACTAACATACGGTTAAGTCATC	2021-08-25T15:58:44.728524
CTRL000000041	control_guide41	crRNA_1	AACAGCATAGCTGCGAATATAAC	2021-08-25T15:58:44.728524
CTRL000000042	control_guide42	crRNA_1	GAGAAACTTAGTCTATGCACATG	2021-08-25T15:58:44.728524
CTRL000000043	control_guide43	crRNA_1	CAGAGTTTAACTAGAGCACAAAC	2021-08-25T15:58:44.728524
CTRL000000044	control_guide44	crRNA_1	GAAACATGCACTCCATAACTAAC	2021-08-25T15:58:44.728524
CTRL000000045	control_guide45	crRNA_1	GTCACTTAACGATGATAGTGAAT	2021-08-25T15:58:44.728524
CTRL000000046	control_guide46	crRNA_1	AATCGTCTGTATCCATTCGTAAG	2021-08-25T15:58:44.728524
CTRL000000047	control_guide47	crRNA_1	GAGACATAAAGCGAATTGCATAG	2021-08-25T15:58:44.728524
CTRL000000048	control_guide48	crRNA_1	TACATGGAGTCGGCTATAATAAG	2021-08-25T15:58:44.728524
CTRL000000049	control_guide49	crRNA_1	TTCGGATTAACTCTCTCAGTTTG	2021-08-25T15:58:44.728524
CTRL000000050	control_guide50	crRNA_1	CTCTGATTACAGCGATAAAGATC	2021-08-25T15:58:44.728524
CTRL000000051	control_guide51	crRNA_1	ATGTCACACTTATCTAGCCAAAC	2021-08-25T15:58:44.728524
CTRL000000052	control_guide52	crRNA_1	TCATGCAACTGTGATACCTTATC	2021-08-25T15:58:44.728524
CTRL000000053	control_guide53	crRNA_1	CGTTTACTAGTTGTAGGGTAAAG	2021-08-25T15:58:44.728524
CTRL000000054	control_guide54	crRNA_1	TAGAGATGATGCTCGCATTAATG	2021-08-25T15:58:44.728524
